,sync_bit,preamble,ert_id_ms_bits,reserved,physical_tamper,ert_type,encoder_tamper,consumption_data,ert_id_ls_bits,checksum
0,1,0xF2A60,47,,,electric,,487,023948576274839201938475,47498238489494848
1,1,0xF2A60,79,,,electric,,3594,100000000000000000000050,47498238489494848
2,1,0xF2A60,91,,,electric,,51,100000000000000000000076,47498238489494848
3,1,0xF2A60,76,,,electric,,1933,100000000000000000000059,47498238489494848
4,1,0xF2A60,92,,,electric,,3839,100000000000000000000025,47498238489494848
5,1,0xF2A60,96,,,electric,,2206,100000000000000000000003,47498238489494848
6,1,0xF2A60,35,,,electric,,415,100000000000000000000035,47498238489494848
7,1,0xF2A60,49,,,electric,,3983,100000000000000000000056,47498238489494848
8,1,0xF2A60,15,,,electric,,1345,100000000000000000000087,47498238489494848
9,1,0xF2A60,67,,,electric,,3884,100000000000000000000041,47498238489494848
10,1,0xF2A60,19,,,electric,,693,100000000000000000000080,47498238489494848
11,1,0xF2A60,88,,,electric,,2181,100000000000000000000014,47498238489494848
12,1,0xF2A60,56,,,electric,,595,100000000000000000000065,47498238489494848
13,1,0xF2A60,72,,,electric,,2494,100000000000000000000062,47498238489494848
14,1,0xF2A60,66,,,electric,,3235,100000000000000000000096,47498238489494848
15,1,0xF2A60,85,,,electric,,3451,100000000000000000000067,47498238489494848
16,1,0xF2A60,41,,,electric,,1914,100000000000000000000092,47498238489494848
17,1,0xF2A60,99,,,electric,,1854,100000000000000000000098,47498238489494848
18,1,0xF2A60,79,,,electric,,3050,100000000000000000000021,47498238489494848
19,1,0xF2A60,42,,,electric,,1783,100000000000000000000072,47498238489494848
20,1,0xF2A60,92,,,electric,,3231,100000000000000000000028,47498238489494848
21,1,0xF2A60,88,,,electric,,3706,100000000000000000000009,47498238489494848
22,1,0xF2A60,10,,,electric,,3402,100000000000000000000043,47498238489494848
23,1,0xF2A60,26,,,electric,,1928,100000000000000000000037,47498238489494848
24,1,0xF2A60,83,,,electric,,667,100000000000000000000080,47498238489494848
25,1,0xF2A60,11,,,electric,,230,100000000000000000000096,47498238489494848
26,1,0xF2A60,33,,,electric,,246,100000000000000000000062,47498238489494848
27,1,0xF2A60,74,,,electric,,969,100000000000000000000071,47498238489494848
28,1,0xF2A60,72,,,electric,,1966,100000000000000000000021,47498238489494848
29,1,0xF2A60,83,,,electric,,3136,100000000000000000000028,47498238489494848
30,1,0xF2A60,77,,,electric,,3968,100000000000000000000024,47498238489494848
31,1,0xF2A60,69,,,electric,,2251,100000000000000000000024,47498238489494848
32,1,0xF2A60,88,,,electric,,3553,100000000000000000000089,47498238489494848
33,1,0xF2A60,59,,,electric,,501,100000000000000000000053,47498238489494848
34,1,0xF2A60,25,,,electric,,416,100000000000000000000051,47498238489494848
35,1,0xF2A60,51,,,electric,,1879,100000000000000000000015,47498238489494848
36,1,0xF2A60,44,,,electric,,1613,100000000000000000000058,47498238489494848
37,1,0xF2A60,91,,,electric,,1665,100000000000000000000025,47498238489494848
38,1,0xF2A60,97,,,electric,,3020,100000000000000000000011,47498238489494848
39,1,0xF2A60,96,,,electric,,2009,100000000000000000000003,47498238489494848
40,1,0xF2A60,45,,,electric,,1616,100000000000000000000032,47498238489494848
41,1,0xF2A60,27,,,electric,,2895,100000000000000000000020,47498238489494848
42,1,0xF2A60,39,,,electric,,2687,100000000000000000000017,47498238489494848
43,1,0xF2A60,73,,,electric,,2754,100000000000000000000017,47498238489494848
44,1,0xF2A60,49,,,electric,,1857,100000000000000000000024,47498238489494848
45,1,0xF2A60,74,,,electric,,2372,100000000000000000000020,47498238489494848
46,1,0xF2A60,96,,,electric,,3043,100000000000000000000029,47498238489494848
47,1,0xF2A60,22,,,electric,,1591,100000000000000000000060,47498238489494848
48,1,0xF2A60,93,,,electric,,1042,100000000000000000000026,47498238489494848
49,1,0xF2A60,32,,,electric,,893,100000000000000000000031,47498238489494848
50,1,0xF2A60,43,,,electric,,2176,100000000000000000000057,47498238489494848
51,1,0xF2A60,76,,,electric,,2102,100000000000000000000021,47498238489494848
52,1,0xF2A60,99,,,electric,,1029,100000000000000000000094,47498238489494848
53,1,0xF2A60,68,,,electric,,3212,100000000000000000000063,47498238489494848
54,1,0xF2A60,25,,,electric,,3831,100000000000000000000035,47498238489494848
55,1,0xF2A60,62,,,electric,,2659,100000000000000000000070,47498238489494848
56,1,0xF2A60,67,,,electric,,3302,100000000000000000000085,47498238489494848
57,1,0xF2A60,19,,,electric,,584,100000000000000000000061,47498238489494848
58,1,0xF2A60,70,,,electric,,2355,100000000000000000000007,47498238489494848
59,1,0xF2A60,79,,,electric,,317,100000000000000000000043,47498238489494848
60,1,0xF2A60,94,,,electric,,273,100000000000000000000028,47498238489494848
61,1,0xF2A60,49,,,electric,,3142,100000000000000000000086,47498238489494848
62,1,0xF2A60,48,,,electric,,3331,100000000000000000000040,47498238489494848
63,1,0xF2A60,89,,,electric,,1632,100000000000000000000091,47498238489494848
64,1,0xF2A60,93,,,electric,,3298,100000000000000000000043,47498238489494848
65,1,0xF2A60,93,,,electric,,2440,100000000000000000000042,47498238489494848
66,1,0xF2A60,25,,,electric,,1105,100000000000000000000091,47498238489494848
67,1,0xF2A60,51,,,electric,,3338,100000000000000000000093,47498238489494848
68,1,0xF2A60,88,,,electric,,3077,100000000000000000000023,47498238489494848
69,1,0xF2A60,55,,,electric,,985,100000000000000000000045,47498238489494848
70,1,0xF2A60,16,,,electric,,801,100000000000000000000029,47498238489494848
71,1,0xF2A60,60,,,electric,,846,100000000000000000000022,47498238489494848
72,1,0xF2A60,78,,,electric,,1202,100000000000000000000057,47498238489494848
73,1,0xF2A60,48,,,electric,,2807,100000000000000000000009,47498238489494848
74,1,0xF2A60,53,,,electric,,3373,100000000000000000000014,47498238489494848
75,1,0xF2A60,77,,,electric,,2733,100000000000000000000100,47498238489494848
76,1,0xF2A60,18,,,electric,,514,100000000000000000000078,47498238489494848
77,1,0xF2A60,85,,,electric,,3565,100000000000000000000067,47498238489494848
78,1,0xF2A60,90,,,electric,,2570,100000000000000000000017,47498238489494848
79,1,0xF2A60,32,,,electric,,2087,100000000000000000000062,47498238489494848
80,1,0xF2A60,65,,,electric,,1402,100000000000000000000051,47498238489494848
81,1,0xF2A60,27,,,electric,,2238,100000000000000000000048,47498238489494848
82,1,0xF2A60,36,,,electric,,1443,100000000000000000000040,47498238489494848
83,1,0xF2A60,59,,,electric,,1120,100000000000000000000029,47498238489494848
84,1,0xF2A60,92,,,electric,,561,100000000000000000000055,47498238489494848
85,1,0xF2A60,22,,,electric,,2163,100000000000000000000090,47498238489494848
86,1,0xF2A60,66,,,electric,,726,100000000000000000000072,47498238489494848
87,1,0xF2A60,60,,,electric,,3642,100000000000000000000037,47498238489494848
88,1,0xF2A60,60,,,electric,,589,100000000000000000000037,47498238489494848
89,1,0xF2A60,90,,,electric,,879,100000000000000000000021,47498238489494848
90,1,0xF2A60,86,,,electric,,2297,100000000000000000000017,47498238489494848
91,1,0xF2A60,43,,,electric,,1526,100000000000000000000083,47498238489494848
92,1,0xF2A60,39,,,electric,,291,100000000000000000000032,47498238489494848
93,1,0xF2A60,56,,,electric,,895,100000000000000000000009,47498238489494848
94,1,0xF2A60,27,,,electric,,1078,100000000000000000000055,47498238489494848
95,1,0xF2A60,48,,,electric,,3680,100000000000000000000077,47498238489494848
96,1,0xF2A60,85,,,electric,,755,100000000000000000000042,47498238489494848
97,1,0xF2A60,91,,,electric,,3189,100000000000000000000018,47498238489494848
98,1,0xF2A60,22,,,electric,,2115,100000000000000000000082,47498238489494848
99,1,0xF2A60,68,,,electric,,2511,100000000000000000000098,47498238489494848
100,1,0xF2A60,25,,,electric,,894,100000000000000000000056,47498238489494848
101,1,0xF2A60,92,,,electric,,1834,100000000000000000000094,47498238489494848
102,1,0xF2A60,29,,,electric,,3574,100000000000000000000092,47498238489494848
103,1,0xF2A60,79,,,electric,,2941,100000000000000000000089,47498238489494848
104,1,0xF2A60,27,,,electric,,333,100000000000000000000040,47498238489494848
105,1,0xF2A60,75,,,electric,,802,100000000000000000000048,47498238489494848
106,1,0xF2A60,51,,,electric,,2739,100000000000000000000098,47498238489494848
107,1,0xF2A60,83,,,electric,,3202,100000000000000000000092,47498238489494848
108,1,0xF2A60,56,,,electric,,272,100000000000000000000085,47498238489494848
109,1,0xF2A60,45,,,electric,,1942,100000000000000000000008,47498238489494848
110,1,0xF2A60,28,,,electric,,164,100000000000000000000029,47498238489494848
111,1,0xF2A60,79,,,electric,,644,100000000000000000000012,47498238489494848
112,1,0xF2A60,37,,,electric,,3938,100000000000000000000090,47498238489494848
113,1,0xF2A60,76,,,electric,,594,100000000000000000000093,47498238489494848
114,1,0xF2A60,67,,,electric,,1143,100000000000000000000087,47498238489494848
115,1,0xF2A60,71,,,electric,,3691,100000000000000000000032,47498238489494848
116,1,0xF2A60,93,,,electric,,704,100000000000000000000020,47498238489494848
117,1,0xF2A60,42,,,electric,,566,100000000000000000000080,47498238489494848
118,1,0xF2A60,12,,,electric,,132,100000000000000000000050,47498238489494848
119,1,0xF2A60,35,,,electric,,3845,100000000000000000000076,47498238489494848
120,1,0xF2A60,35,,,electric,,481,100000000000000000000052,47498238489494848
121,1,0xF2A60,53,,,electric,,1572,100000000000000000000006,47498238489494848
122,1,0xF2A60,58,,,electric,,1414,100000000000000000000099,47498238489494848
123,1,0xF2A60,100,,,electric,,2672,100000000000000000000087,47498238489494848
124,1,0xF2A60,17,,,electric,,2991,100000000000000000000092,47498238489494848
125,1,0xF2A60,57,,,electric,,1811,100000000000000000000034,47498238489494848
126,1,0xF2A60,82,,,electric,,3798,100000000000000000000003,47498238489494848
127,1,0xF2A60,94,,,electric,,351,100000000000000000000076,47498238489494848
128,1,0xF2A60,94,,,electric,,2017,100000000000000000000003,47498238489494848
129,1,0xF2A60,88,,,electric,,2663,100000000000000000000045,47498238489494848
130,1,0xF2A60,84,,,electric,,1071,100000000000000000000066,47498238489494848
131,1,0xF2A60,36,,,electric,,596,100000000000000000000061,47498238489494848
132,1,0xF2A60,26,,,electric,,2136,100000000000000000000070,47498238489494848
133,1,0xF2A60,64,,,electric,,2985,100000000000000000000004,47498238489494848
134,1,0xF2A60,86,,,electric,,1813,100000000000000000000049,47498238489494848
135,1,0xF2A60,33,,,electric,,2260,100000000000000000000060,47498238489494848
136,1,0xF2A60,12,,,electric,,3443,100000000000000000000035,47498238489494848
137,1,0xF2A60,18,,,electric,,2912,100000000000000000000005,47498238489494848
138,1,0xF2A60,11,,,electric,,3601,100000000000000000000012,47498238489494848
139,1,0xF2A60,83,,,electric,,2477,100000000000000000000028,47498238489494848
140,1,0xF2A60,72,,,electric,,3506,100000000000000000000021,47498238489494848
141,1,0xF2A60,65,,,electric,,3393,100000000000000000000047,47498238489494848
142,1,0xF2A60,80,,,electric,,3021,100000000000000000000021,47498238489494848
143,1,0xF2A60,50,,,electric,,2132,100000000000000000000006,47498238489494848
144,1,0xF2A60,64,,,electric,,3484,100000000000000000000081,47498238489494848
145,1,0xF2A60,85,,,electric,,3135,100000000000000000000080,47498238489494848
146,1,0xF2A60,88,,,electric,,2843,100000000000000000000049,47498238489494848
147,1,0xF2A60,85,,,electric,,3554,100000000000000000000066,47498238489494848
148,1,0xF2A60,88,,,electric,,2571,100000000000000000000099,47498238489494848
149,1,0xF2A60,27,,,electric,,380,100000000000000000000100,47498238489494848
150,1,0xF2A60,94,,,electric,,447,100000000000000000000006,47498238489494848
151,1,0xF2A60,57,,,electric,,362,100000000000000000000021,47498238489494848
152,1,0xF2A60,28,,,electric,,1401,100000000000000000000095,47498238489494848
153,1,0xF2A60,86,,,electric,,3844,100000000000000000000088,47498238489494848
154,1,0xF2A60,23,,,electric,,1636,100000000000000000000045,47498238489494848
155,1,0xF2A60,53,,,electric,,563,100000000000000000000053,47498238489494848
156,1,0xF2A60,57,,,electric,,1365,100000000000000000000067,47498238489494848
157,1,0xF2A60,18,,,electric,,264,100000000000000000000059,47498238489494848
158,1,0xF2A60,61,,,electric,,1293,100000000000000000000043,47498238489494848
159,1,0xF2A60,65,,,electric,,3218,100000000000000000000010,47498238489494848
160,1,0xF2A60,49,,,electric,,3596,100000000000000000000058,47498238489494848
161,1,0xF2A60,61,,,electric,,85,100000000000000000000031,47498238489494848
162,1,0xF2A60,91,,,electric,,2944,100000000000000000000099,47498238489494848
163,1,0xF2A60,69,,,electric,,2691,100000000000000000000096,47498238489494848
164,1,0xF2A60,27,,,electric,,2215,100000000000000000000030,47498238489494848
165,1,0xF2A60,73,,,electric,,241,100000000000000000000081,47498238489494848
166,1,0xF2A60,54,,,electric,,1569,100000000000000000000014,47498238489494848
167,1,0xF2A60,18,,,electric,,1466,100000000000000000000097,47498238489494848
168,1,0xF2A60,23,,,electric,,1626,100000000000000000000058,47498238489494848
169,1,0xF2A60,93,,,electric,,2326,100000000000000000000047,47498238489494848
170,1,0xF2A60,63,,,electric,,2299,100000000000000000000019,47498238489494848
171,1,0xF2A60,79,,,electric,,3968,100000000000000000000017,47498238489494848
172,1,0xF2A60,74,,,electric,,2319,100000000000000000000027,47498238489494848
173,1,0xF2A60,65,,,electric,,1882,100000000000000000000002,47498238489494848
174,1,0xF2A60,80,,,electric,,2010,100000000000000000000080,47498238489494848
175,1,0xF2A60,78,,,electric,,1608,100000000000000000000087,47498238489494848
176,1,0xF2A60,73,,,electric,,1784,100000000000000000000034,47498238489494848
177,1,0xF2A60,37,,,electric,,1221,100000000000000000000091,47498238489494848
178,1,0xF2A60,68,,,electric,,82,100000000000000000000067,47498238489494848
179,1,0xF2A60,77,,,electric,,3767,100000000000000000000007,47498238489494848
180,1,0xF2A60,44,,,electric,,722,100000000000000000000053,47498238489494848
181,1,0xF2A60,58,,,electric,,3296,100000000000000000000078,47498238489494848
182,1,0xF2A60,44,,,electric,,1690,100000000000000000000027,47498238489494848
183,1,0xF2A60,66,,,electric,,3471,100000000000000000000086,47498238489494848
184,1,0xF2A60,38,,,electric,,2635,100000000000000000000030,47498238489494848
185,1,0xF2A60,65,,,electric,,2525,100000000000000000000100,47498238489494848
186,1,0xF2A60,67,,,electric,,1820,100000000000000000000073,47498238489494848
187,1,0xF2A60,24,,,electric,,3021,100000000000000000000061,47498238489494848
188,1,0xF2A60,13,,,electric,,1996,100000000000000000000087,47498238489494848
189,1,0xF2A60,10,,,electric,,3148,100000000000000000000022,47498238489494848
190,1,0xF2A60,15,,,electric,,2941,100000000000000000000045,47498238489494848
191,1,0xF2A60,62,,,electric,,2410,100000000000000000000026,47498238489494848
192,1,0xF2A60,92,,,electric,,669,100000000000000000000012,47498238489494848
193,1,0xF2A60,46,,,electric,,2877,100000000000000000000041,47498238489494848
194,1,0xF2A60,86,,,electric,,1048,100000000000000000000007,47498238489494848
195,1,0xF2A60,69,,,electric,,3835,100000000000000000000008,47498238489494848
196,1,0xF2A60,41,,,electric,,3192,100000000000000000000081,47498238489494848
197,1,0xF2A60,96,,,electric,,2142,100000000000000000000049,47498238489494848
198,1,0xF2A60,31,,,electric,,2678,100000000000000000000099,47498238489494848
199,1,0xF2A60,80,,,electric,,358,100000000000000000000070,47498238489494848
200,1,0xF2A60,80,,,electric,,261,100000000000000000000020,47498238489494848
201,1,0xF2A60,74,,,electric,,969,100000000000000000000027,47498238489494848
202,1,0xF2A60,80,,,electric,,1720,100000000000000000000021,47498238489494848
203,1,0xF2A60,17,,,electric,,2090,100000000000000000000045,47498238489494848
204,1,0xF2A60,29,,,electric,,3339,100000000000000000000054,47498238489494848
205,1,0xF2A60,27,,,electric,,2682,100000000000000000000029,47498238489494848
206,1,0xF2A60,22,,,electric,,2173,100000000000000000000098,47498238489494848
207,1,0xF2A60,62,,,electric,,1046,100000000000000000000045,47498238489494848
208,1,0xF2A60,94,,,electric,,828,100000000000000000000024,47498238489494848
209,1,0xF2A60,50,,,electric,,3968,100000000000000000000001,47498238489494848
210,1,0xF2A60,72,,,electric,,3971,100000000000000000000009,47498238489494848
211,1,0xF2A60,55,,,electric,,1517,100000000000000000000063,47498238489494848
212,1,0xF2A60,63,,,electric,,3863,100000000000000000000080,47498238489494848
213,1,0xF2A60,11,,,electric,,3529,100000000000000000000021,47498238489494848
214,1,0xF2A60,55,,,electric,,3118,100000000000000000000017,47498238489494848
215,1,0xF2A60,73,,,electric,,1539,100000000000000000000052,47498238489494848
216,1,0xF2A60,21,,,electric,,236,100000000000000000000024,47498238489494848
217,1,0xF2A60,19,,,electric,,3984,100000000000000000000017,47498238489494848
218,1,0xF2A60,78,,,electric,,474,100000000000000000000002,47498238489494848
219,1,0xF2A60,51,,,electric,,2645,100000000000000000000042,47498238489494848
220,1,0xF2A60,52,,,electric,,277,100000000000000000000042,47498238489494848
221,1,0xF2A60,77,,,electric,,1034,100000000000000000000051,47498238489494848
222,1,0xF2A60,72,,,electric,,3274,100000000000000000000020,47498238489494848
223,1,0xF2A60,100,,,electric,,3984,100000000000000000000004,47498238489494848
224,1,0xF2A60,75,,,electric,,3889,100000000000000000000062,47498238489494848
225,1,0xF2A60,11,,,electric,,781,100000000000000000000051,47498238489494848
226,1,0xF2A60,30,,,electric,,2221,100000000000000000000043,47498238489494848
227,1,0xF2A60,24,,,electric,,1099,100000000000000000000079,47498238489494848
228,1,0xF2A60,93,,,electric,,3903,100000000000000000000044,47498238489494848
229,1,0xF2A60,18,,,electric,,1752,100000000000000000000018,47498238489494848
230,1,0xF2A60,13,,,electric,,3274,100000000000000000000044,47498238489494848
231,1,0xF2A60,67,,,electric,,821,100000000000000000000081,47498238489494848
232,1,0xF2A60,23,,,electric,,1810,100000000000000000000004,47498238489494848
233,1,0xF2A60,51,,,electric,,3836,100000000000000000000001,47498238489494848
234,1,0xF2A60,69,,,electric,,343,100000000000000000000053,47498238489494848
235,1,0xF2A60,28,,,electric,,2412,100000000000000000000054,47498238489494848
236,1,0xF2A60,20,,,electric,,864,100000000000000000000027,47498238489494848
237,1,0xF2A60,24,,,electric,,2938,100000000000000000000070,47498238489494848
238,1,0xF2A60,93,,,electric,,3927,100000000000000000000064,47498238489494848
239,1,0xF2A60,90,,,electric,,2533,100000000000000000000097,47498238489494848
240,1,0xF2A60,74,,,electric,,3876,100000000000000000000021,47498238489494848
241,1,0xF2A60,48,,,electric,,251,100000000000000000000017,47498238489494848
242,1,0xF2A60,83,,,electric,,2727,100000000000000000000082,47498238489494848
243,1,0xF2A60,79,,,electric,,3245,100000000000000000000069,47498238489494848
244,1,0xF2A60,86,,,electric,,3027,100000000000000000000046,47498238489494848
245,1,0xF2A60,95,,,electric,,379,100000000000000000000014,47498238489494848
246,1,0xF2A60,20,,,electric,,438,100000000000000000000010,47498238489494848
247,1,0xF2A60,19,,,electric,,779,100000000000000000000072,47498238489494848
248,1,0xF2A60,46,,,electric,,1499,100000000000000000000069,47498238489494848
249,1,0xF2A60,38,,,electric,,718,100000000000000000000095,47498238489494848
250,1,0xF2A60,97,,,electric,,3571,100000000000000000000007,47498238489494848
251,1,0xF2A60,53,,,electric,,3973,100000000000000000000079,47498238489494848
252,1,0xF2A60,97,,,electric,,893,100000000000000000000092,47498238489494848
253,1,0xF2A60,67,,,electric,,2270,100000000000000000000051,47498238489494848
254,1,0xF2A60,60,,,electric,,853,100000000000000000000062,47498238489494848
255,1,0xF2A60,47,,,electric,,2795,100000000000000000000056,47498238489494848
256,1,0xF2A60,71,,,electric,,3658,100000000000000000000094,47498238489494848
257,1,0xF2A60,69,,,electric,,1854,100000000000000000000043,47498238489494848
258,1,0xF2A60,18,,,electric,,3806,100000000000000000000036,47498238489494848
259,1,0xF2A60,14,,,electric,,3219,100000000000000000000047,47498238489494848
260,1,0xF2A60,40,,,electric,,632,100000000000000000000025,47498238489494848
261,1,0xF2A60,86,,,electric,,1679,100000000000000000000081,47498238489494848
262,1,0xF2A60,87,,,electric,,3912,100000000000000000000045,47498238489494848
263,1,0xF2A60,24,,,electric,,2171,100000000000000000000099,47498238489494848
264,1,0xF2A60,12,,,electric,,2682,100000000000000000000091,47498238489494848
265,1,0xF2A60,21,,,electric,,70,100000000000000000000026,47498238489494848
266,1,0xF2A60,96,,,electric,,2965,100000000000000000000067,47498238489494848
267,1,0xF2A60,21,,,electric,,3855,100000000000000000000020,47498238489494848
268,1,0xF2A60,89,,,electric,,600,100000000000000000000056,47498238489494848
269,1,0xF2A60,25,,,electric,,147,100000000000000000000038,47498238489494848
270,1,0xF2A60,97,,,electric,,793,100000000000000000000062,47498238489494848
271,1,0xF2A60,58,,,electric,,3236,100000000000000000000097,47498238489494848
272,1,0xF2A60,43,,,electric,,3631,100000000000000000000051,47498238489494848
273,1,0xF2A60,33,,,electric,,1899,100000000000000000000047,47498238489494848
274,1,0xF2A60,60,,,electric,,1942,100000000000000000000041,47498238489494848
275,1,0xF2A60,86,,,electric,,3411,100000000000000000000095,47498238489494848
276,1,0xF2A60,65,,,electric,,3728,100000000000000000000006,47498238489494848
277,1,0xF2A60,59,,,electric,,169,100000000000000000000069,47498238489494848
278,1,0xF2A60,46,,,electric,,2358,100000000000000000000067,47498238489494848
279,1,0xF2A60,63,,,electric,,2125,100000000000000000000056,47498238489494848
280,1,0xF2A60,39,,,electric,,1354,100000000000000000000061,47498238489494848
281,1,0xF2A60,56,,,electric,,210,100000000000000000000073,47498238489494848
282,1,0xF2A60,52,,,electric,,3006,100000000000000000000082,47498238489494848
283,1,0xF2A60,12,,,electric,,3785,100000000000000000000025,47498238489494848
284,1,0xF2A60,69,,,electric,,2006,100000000000000000000034,47498238489494848
285,1,0xF2A60,18,,,electric,,60,100000000000000000000021,47498238489494848
286,1,0xF2A60,82,,,electric,,3450,100000000000000000000062,47498238489494848
287,1,0xF2A60,64,,,electric,,1722,100000000000000000000033,47498238489494848
288,1,0xF2A60,52,,,electric,,485,100000000000000000000059,47498238489494848
289,1,0xF2A60,12,,,electric,,2946,100000000000000000000043,47498238489494848
290,1,0xF2A60,33,,,electric,,1166,100000000000000000000046,47498238489494848
291,1,0xF2A60,78,,,electric,,2268,100000000000000000000038,47498238489494848
292,1,0xF2A60,64,,,electric,,2281,100000000000000000000051,47498238489494848
293,1,0xF2A60,93,,,electric,,2803,100000000000000000000088,47498238489494848
294,1,0xF2A60,36,,,electric,,1830,100000000000000000000030,47498238489494848
295,1,0xF2A60,74,,,electric,,2694,100000000000000000000042,47498238489494848
296,1,0xF2A60,56,,,electric,,466,100000000000000000000009,47498238489494848
297,1,0xF2A60,19,,,electric,,3700,100000000000000000000060,47498238489494848
298,1,0xF2A60,76,,,electric,,153,100000000000000000000079,47498238489494848
299,1,0xF2A60,34,,,electric,,2038,100000000000000000000046,47498238489494848
300,1,0xF2A60,62,,,electric,,3741,100000000000000000000075,47498238489494848
301,1,0xF2A60,56,,,electric,,1979,100000000000000000000064,47498238489494848
302,1,0xF2A60,40,,,electric,,3358,100000000000000000000041,47498238489494848
303,1,0xF2A60,71,,,electric,,501,100000000000000000000015,47498238489494848
304,1,0xF2A60,29,,,electric,,380,100000000000000000000037,47498238489494848
305,1,0xF2A60,58,,,electric,,857,100000000000000000000064,47498238489494848
306,1,0xF2A60,16,,,electric,,1663,100000000000000000000084,47498238489494848
307,1,0xF2A60,68,,,electric,,3445,100000000000000000000062,47498238489494848
308,1,0xF2A60,33,,,electric,,3414,100000000000000000000059,47498238489494848
309,1,0xF2A60,62,,,electric,,2082,100000000000000000000099,47498238489494848
310,1,0xF2A60,60,,,electric,,1380,100000000000000000000061,47498238489494848
311,1,0xF2A60,56,,,electric,,1576,100000000000000000000028,47498238489494848
312,1,0xF2A60,87,,,electric,,1509,100000000000000000000096,47498238489494848
313,1,0xF2A60,47,,,electric,,705,100000000000000000000069,47498238489494848
314,1,0xF2A60,100,,,electric,,1127,100000000000000000000001,47498238489494848
315,1,0xF2A60,34,,,electric,,2845,100000000000000000000035,47498238489494848
316,1,0xF2A60,74,,,electric,,2531,100000000000000000000036,47498238489494848
317,1,0xF2A60,64,,,electric,,3346,100000000000000000000041,47498238489494848
318,1,0xF2A60,62,,,electric,,3349,100000000000000000000004,47498238489494848
319,1,0xF2A60,16,,,electric,,2613,100000000000000000000072,47498238489494848
320,1,0xF2A60,63,,,electric,,1709,100000000000000000000082,47498238489494848
321,1,0xF2A60,52,,,electric,,3346,100000000000000000000031,47498238489494848
322,1,0xF2A60,87,,,electric,,102,100000000000000000000067,47498238489494848
323,1,0xF2A60,58,,,electric,,1892,100000000000000000000015,47498238489494848
324,1,0xF2A60,47,,,electric,,687,100000000000000000000056,47498238489494848
325,1,0xF2A60,15,,,electric,,2904,100000000000000000000062,47498238489494848
326,1,0xF2A60,30,,,electric,,1898,100000000000000000000050,47498238489494848
327,1,0xF2A60,80,,,electric,,997,100000000000000000000060,47498238489494848
328,1,0xF2A60,32,,,electric,,2073,100000000000000000000058,47498238489494848
329,1,0xF2A60,64,,,electric,,3551,100000000000000000000044,47498238489494848
330,1,0xF2A60,87,,,electric,,2710,100000000000000000000003,47498238489494848
331,1,0xF2A60,24,,,electric,,2185,100000000000000000000097,47498238489494848
332,1,0xF2A60,27,,,electric,,1636,100000000000000000000067,47498238489494848
333,1,0xF2A60,85,,,electric,,506,100000000000000000000077,47498238489494848
334,1,0xF2A60,57,,,electric,,445,100000000000000000000042,47498238489494848
335,1,0xF2A60,66,,,electric,,1466,100000000000000000000070,47498238489494848
336,1,0xF2A60,23,,,electric,,1506,100000000000000000000044,47498238489494848
337,1,0xF2A60,83,,,electric,,1846,100000000000000000000099,47498238489494848
338,1,0xF2A60,21,,,electric,,1561,100000000000000000000007,47498238489494848
339,1,0xF2A60,82,,,electric,,3194,100000000000000000000091,47498238489494848
340,1,0xF2A60,97,,,electric,,347,100000000000000000000028,47498238489494848
341,1,0xF2A60,41,,,electric,,2847,100000000000000000000030,47498238489494848
342,1,0xF2A60,99,,,electric,,762,100000000000000000000030,47498238489494848
343,1,0xF2A60,55,,,electric,,3444,100000000000000000000013,47498238489494848
344,1,0xF2A60,46,,,electric,,1636,100000000000000000000098,47498238489494848
345,1,0xF2A60,62,,,electric,,3985,100000000000000000000028,47498238489494848
346,1,0xF2A60,39,,,electric,,2335,100000000000000000000035,47498238489494848
347,1,0xF2A60,91,,,electric,,1782,100000000000000000000077,47498238489494848
348,1,0xF2A60,84,,,electric,,2633,100000000000000000000064,47498238489494848
349,1,0xF2A60,72,,,electric,,3581,100000000000000000000095,47498238489494848
350,1,0xF2A60,24,,,electric,,726,100000000000000000000016,47498238489494848
351,1,0xF2A60,63,,,electric,,526,100000000000000000000093,47498238489494848
352,1,0xF2A60,100,,,electric,,1922,100000000000000000000041,47498238489494848
353,1,0xF2A60,36,,,electric,,2079,100000000000000000000010,47498238489494848
354,1,0xF2A60,46,,,electric,,3654,100000000000000000000042,47498238489494848
355,1,0xF2A60,14,,,electric,,2171,100000000000000000000060,47498238489494848
356,1,0xF2A60,68,,,electric,,2314,100000000000000000000062,47498238489494848
357,1,0xF2A60,42,,,electric,,2250,100000000000000000000028,47498238489494848
358,1,0xF2A60,26,,,electric,,1952,100000000000000000000078,47498238489494848
359,1,0xF2A60,79,,,electric,,1407,100000000000000000000007,47498238489494848
360,1,0xF2A60,13,,,electric,,1353,100000000000000000000017,47498238489494848
361,1,0xF2A60,97,,,electric,,146,100000000000000000000011,47498238489494848
362,1,0xF2A60,81,,,electric,,3595,100000000000000000000012,47498238489494848
363,1,0xF2A60,32,,,electric,,3540,100000000000000000000090,47498238489494848
364,1,0xF2A60,65,,,electric,,2009,100000000000000000000010,47498238489494848
365,1,0xF2A60,25,,,electric,,3317,100000000000000000000052,47498238489494848
366,1,0xF2A60,82,,,electric,,1719,100000000000000000000065,47498238489494848
367,1,0xF2A60,64,,,electric,,2897,100000000000000000000043,47498238489494848
368,1,0xF2A60,100,,,electric,,2793,100000000000000000000068,47498238489494848
369,1,0xF2A60,70,,,electric,,3867,100000000000000000000021,47498238489494848
370,1,0xF2A60,19,,,electric,,1867,100000000000000000000038,47498238489494848
371,1,0xF2A60,85,,,electric,,2684,100000000000000000000080,47498238489494848
372,1,0xF2A60,79,,,electric,,1616,100000000000000000000011,47498238489494848
373,1,0xF2A60,58,,,electric,,206,100000000000000000000084,47498238489494848
374,1,0xF2A60,80,,,electric,,3409,100000000000000000000003,47498238489494848
375,1,0xF2A60,84,,,electric,,513,100000000000000000000080,47498238489494848
376,1,0xF2A60,67,,,electric,,3321,100000000000000000000072,47498238489494848
377,1,0xF2A60,61,,,electric,,318,100000000000000000000054,47498238489494848
378,1,0xF2A60,78,,,electric,,2234,100000000000000000000026,47498238489494848
379,1,0xF2A60,76,,,electric,,1951,100000000000000000000023,47498238489494848
380,1,0xF2A60,45,,,electric,,1433,100000000000000000000089,47498238489494848
381,1,0xF2A60,14,,,electric,,2516,100000000000000000000016,47498238489494848
382,1,0xF2A60,34,,,electric,,3744,100000000000000000000009,47498238489494848
383,1,0xF2A60,92,,,electric,,3403,100000000000000000000040,47498238489494848
384,1,0xF2A60,91,,,electric,,2031,100000000000000000000011,47498238489494848
385,1,0xF2A60,95,,,electric,,3961,100000000000000000000037,47498238489494848
386,1,0xF2A60,42,,,electric,,2599,100000000000000000000053,47498238489494848
387,1,0xF2A60,69,,,electric,,1996,100000000000000000000053,47498238489494848
388,1,0xF2A60,20,,,electric,,2536,100000000000000000000063,47498238489494848
389,1,0xF2A60,14,,,electric,,878,100000000000000000000078,47498238489494848
390,1,0xF2A60,26,,,electric,,2335,100000000000000000000068,47498238489494848
391,1,0xF2A60,97,,,electric,,372,100000000000000000000063,47498238489494848
392,1,0xF2A60,54,,,electric,,2970,100000000000000000000021,47498238489494848
393,1,0xF2A60,34,,,electric,,2720,100000000000000000000014,47498238489494848
394,1,0xF2A60,18,,,electric,,1901,100000000000000000000020,47498238489494848
395,1,0xF2A60,27,,,electric,,653,100000000000000000000069,47498238489494848
396,1,0xF2A60,63,,,electric,,329,100000000000000000000005,47498238489494848
397,1,0xF2A60,100,,,electric,,1926,100000000000000000000039,47498238489494848
398,1,0xF2A60,39,,,electric,,3020,100000000000000000000056,47498238489494848
399,1,0xF2A60,90,,,electric,,1299,100000000000000000000011,47498238489494848
400,1,0xF2A60,23,,,electric,,2109,100000000000000000000015,47498238489494848
401,1,0xF2A60,74,,,electric,,316,100000000000000000000001,47498238489494848
402,1,0xF2A60,88,,,electric,,721,100000000000000000000083,47498238489494848
403,1,0xF2A60,67,,,electric,,924,100000000000000000000096,47498238489494848
404,1,0xF2A60,10,,,electric,,1670,100000000000000000000055,47498238489494848
405,1,0xF2A60,59,,,electric,,3511,100000000000000000000085,47498238489494848
406,1,0xF2A60,91,,,electric,,3754,100000000000000000000065,47498238489494848
407,1,0xF2A60,100,,,electric,,3677,100000000000000000000086,47498238489494848
408,1,0xF2A60,41,,,electric,,277,100000000000000000000059,47498238489494848
409,1,0xF2A60,89,,,electric,,546,100000000000000000000094,47498238489494848
410,1,0xF2A60,10,,,electric,,161,100000000000000000000057,47498238489494848
411,1,0xF2A60,76,,,electric,,3912,100000000000000000000048,47498238489494848
412,1,0xF2A60,63,,,electric,,2319,100000000000000000000023,47498238489494848
413,1,0xF2A60,41,,,electric,,1337,100000000000000000000014,47498238489494848
414,1,0xF2A60,26,,,electric,,1045,100000000000000000000098,47498238489494848
415,1,0xF2A60,60,,,electric,,249,100000000000000000000061,47498238489494848
416,1,0xF2A60,91,,,electric,,1382,100000000000000000000081,47498238489494848
417,1,0xF2A60,51,,,electric,,583,100000000000000000000023,47498238489494848
418,1,0xF2A60,73,,,electric,,3423,100000000000000000000065,47498238489494848
419,1,0xF2A60,10,,,electric,,3761,100000000000000000000045,47498238489494848
420,1,0xF2A60,75,,,electric,,121,100000000000000000000034,47498238489494848
421,1,0xF2A60,24,,,electric,,1338,100000000000000000000007,47498238489494848
422,1,0xF2A60,14,,,electric,,1885,100000000000000000000051,47498238489494848
423,1,0xF2A60,41,,,electric,,422,100000000000000000000079,47498238489494848
424,1,0xF2A60,39,,,electric,,1377,100000000000000000000078,47498238489494848
425,1,0xF2A60,39,,,electric,,3925,100000000000000000000023,47498238489494848
426,1,0xF2A60,65,,,electric,,2181,100000000000000000000044,47498238489494848
427,1,0xF2A60,78,,,electric,,2050,100000000000000000000021,47498238489494848
428,1,0xF2A60,26,,,electric,,1772,100000000000000000000067,47498238489494848
429,1,0xF2A60,44,,,electric,,2245,100000000000000000000083,47498238489494848
430,1,0xF2A60,66,,,electric,,756,100000000000000000000035,47498238489494848
431,1,0xF2A60,41,,,electric,,2099,100000000000000000000028,47498238489494848
432,1,0xF2A60,43,,,electric,,1848,100000000000000000000068,47498238489494848
433,1,0xF2A60,56,,,electric,,3875,100000000000000000000019,47498238489494848
434,1,0xF2A60,18,,,electric,,2999,100000000000000000000080,47498238489494848
435,1,0xF2A60,88,,,electric,,3324,100000000000000000000088,47498238489494848
436,1,0xF2A60,13,,,electric,,3862,100000000000000000000071,47498238489494848
437,1,0xF2A60,84,,,electric,,3891,100000000000000000000058,47498238489494848
438,1,0xF2A60,88,,,electric,,3665,100000000000000000000031,47498238489494848
439,1,0xF2A60,84,,,electric,,134,100000000000000000000020,47498238489494848
440,1,0xF2A60,12,,,electric,,3526,100000000000000000000026,47498238489494848
441,1,0xF2A60,55,,,electric,,2146,100000000000000000000064,47498238489494848
442,1,0xF2A60,50,,,electric,,138,100000000000000000000058,47498238489494848
443,1,0xF2A60,26,,,electric,,3972,100000000000000000000036,47498238489494848
444,1,0xF2A60,17,,,electric,,1227,100000000000000000000096,47498238489494848
445,1,0xF2A60,71,,,electric,,512,100000000000000000000048,47498238489494848
446,1,0xF2A60,96,,,electric,,1142,100000000000000000000055,47498238489494848
447,1,0xF2A60,43,,,electric,,1428,100000000000000000000050,47498238489494848
448,1,0xF2A60,81,,,electric,,2761,100000000000000000000051,47498238489494848
449,1,0xF2A60,82,,,electric,,796,100000000000000000000066,47498238489494848
450,1,0xF2A60,32,,,electric,,1761,100000000000000000000061,47498238489494848
451,1,0xF2A60,24,,,electric,,1993,100000000000000000000019,47498238489494848
452,1,0xF2A60,51,,,electric,,1003,100000000000000000000002,47498238489494848
453,1,0xF2A60,39,,,electric,,2762,100000000000000000000090,47498238489494848
454,1,0xF2A60,82,,,electric,,3101,100000000000000000000026,47498238489494848
455,1,0xF2A60,23,,,electric,,674,100000000000000000000030,47498238489494848
456,1,0xF2A60,76,,,electric,,827,100000000000000000000043,47498238489494848
457,1,0xF2A60,49,,,electric,,1845,100000000000000000000003,47498238489494848
458,1,0xF2A60,94,,,electric,,1512,100000000000000000000004,47498238489494848
459,1,0xF2A60,91,,,electric,,809,100000000000000000000097,47498238489494848
460,1,0xF2A60,68,,,electric,,749,100000000000000000000014,47498238489494848
461,1,0xF2A60,32,,,electric,,1076,100000000000000000000005,47498238489494848
462,1,0xF2A60,42,,,electric,,1773,100000000000000000000044,47498238489494848
463,1,0xF2A60,94,,,electric,,3131,100000000000000000000066,47498238489494848
464,1,0xF2A60,28,,,electric,,1760,100000000000000000000007,47498238489494848
465,1,0xF2A60,72,,,electric,,207,100000000000000000000039,47498238489494848
466,1,0xF2A60,60,,,electric,,795,100000000000000000000075,47498238489494848
467,1,0xF2A60,86,,,electric,,453,100000000000000000000037,47498238489494848
468,1,0xF2A60,80,,,electric,,857,100000000000000000000004,47498238489494848
469,1,0xF2A60,51,,,electric,,2004,100000000000000000000064,47498238489494848
470,1,0xF2A60,76,,,electric,,2931,100000000000000000000083,47498238489494848
471,1,0xF2A60,78,,,electric,,571,100000000000000000000023,47498238489494848
472,1,0xF2A60,36,,,electric,,2413,100000000000000000000071,47498238489494848
473,1,0xF2A60,59,,,electric,,2709,100000000000000000000081,47498238489494848
474,1,0xF2A60,63,,,electric,,938,100000000000000000000006,47498238489494848
475,1,0xF2A60,65,,,electric,,3544,100000000000000000000092,47498238489494848
476,1,0xF2A60,90,,,electric,,1831,100000000000000000000084,47498238489494848
477,1,0xF2A60,33,,,electric,,656,100000000000000000000018,47498238489494848
478,1,0xF2A60,36,,,electric,,3815,100000000000000000000001,47498238489494848
479,1,0xF2A60,85,,,electric,,1861,100000000000000000000097,47498238489494848
480,1,0xF2A60,90,,,electric,,429,100000000000000000000028,47498238489494848
481,1,0xF2A60,41,,,electric,,2937,100000000000000000000029,47498238489494848
482,1,0xF2A60,48,,,electric,,1754,100000000000000000000069,47498238489494848
483,1,0xF2A60,89,,,electric,,1509,100000000000000000000062,47498238489494848
484,1,0xF2A60,71,,,electric,,3031,100000000000000000000021,47498238489494848
485,1,0xF2A60,38,,,electric,,878,100000000000000000000006,47498238489494848
486,1,0xF2A60,58,,,electric,,3472,100000000000000000000073,47498238489494848
487,1,0xF2A60,89,,,electric,,2980,100000000000000000000010,47498238489494848
488,1,0xF2A60,87,,,electric,,3167,100000000000000000000032,47498238489494848
489,1,0xF2A60,63,,,electric,,3274,100000000000000000000028,47498238489494848
490,1,0xF2A60,65,,,electric,,904,100000000000000000000045,47498238489494848
491,1,0xF2A60,45,,,electric,,2065,100000000000000000000056,47498238489494848
492,1,0xF2A60,46,,,electric,,3938,100000000000000000000100,47498238489494848
493,1,0xF2A60,98,,,electric,,2786,100000000000000000000065,47498238489494848
494,1,0xF2A60,13,,,electric,,3791,100000000000000000000076,47498238489494848
495,1,0xF2A60,98,,,electric,,2712,100000000000000000000084,47498238489494848
496,1,0xF2A60,50,,,electric,,3063,100000000000000000000043,47498238489494848
497,1,0xF2A60,86,,,electric,,2543,100000000000000000000097,47498238489494848
498,1,0xF2A60,69,,,electric,,3985,100000000000000000000085,47498238489494848
499,1,0xF2A60,95,,,electric,,2656,100000000000000000000016,47498238489494848
500,1,0xF2A60,80,,,electric,,900,100000000000000000000064,47498238489494848
501,1,0xF2A60,13,,,electric,,476,100000000000000000000013,47498238489494848
502,1,0xF2A60,83,,,electric,,1153,100000000000000000000021,47498238489494848
503,1,0xF2A60,70,,,electric,,891,100000000000000000000065,47498238489494848
504,1,0xF2A60,21,,,electric,,3586,100000000000000000000057,47498238489494848
505,1,0xF2A60,73,,,electric,,3812,100000000000000000000074,47498238489494848
506,1,0xF2A60,17,,,electric,,428,100000000000000000000069,47498238489494848
507,1,0xF2A60,59,,,electric,,766,100000000000000000000074,47498238489494848
508,1,0xF2A60,36,,,electric,,1811,100000000000000000000093,47498238489494848
509,1,0xF2A60,21,,,electric,,2073,100000000000000000000058,47498238489494848
510,1,0xF2A60,74,,,electric,,2399,100000000000000000000040,47498238489494848
511,1,0xF2A60,12,,,electric,,2310,100000000000000000000027,47498238489494848
512,1,0xF2A60,56,,,electric,,3848,100000000000000000000051,47498238489494848
513,1,0xF2A60,50,,,electric,,2625,100000000000000000000034,47498238489494848
514,1,0xF2A60,77,,,electric,,745,100000000000000000000062,47498238489494848
515,1,0xF2A60,84,,,electric,,3428,100000000000000000000030,47498238489494848
516,1,0xF2A60,23,,,electric,,2015,100000000000000000000023,47498238489494848
517,1,0xF2A60,56,,,electric,,701,100000000000000000000001,47498238489494848
518,1,0xF2A60,89,,,electric,,3640,100000000000000000000022,47498238489494848
519,1,0xF2A60,55,,,electric,,782,100000000000000000000075,47498238489494848
520,1,0xF2A60,73,,,electric,,297,100000000000000000000089,47498238489494848
521,1,0xF2A60,37,,,electric,,198,100000000000000000000047,47498238489494848
522,1,0xF2A60,38,,,electric,,2523,100000000000000000000009,47498238489494848
523,1,0xF2A60,32,,,electric,,2537,100000000000000000000077,47498238489494848
524,1,0xF2A60,43,,,electric,,3053,100000000000000000000050,47498238489494848
525,1,0xF2A60,93,,,electric,,2176,100000000000000000000080,47498238489494848
526,1,0xF2A60,69,,,electric,,3922,100000000000000000000029,47498238489494848
527,1,0xF2A60,72,,,electric,,3618,100000000000000000000056,47498238489494848
528,1,0xF2A60,78,,,electric,,1628,100000000000000000000025,47498238489494848
529,1,0xF2A60,92,,,electric,,2430,100000000000000000000067,47498238489494848
530,1,0xF2A60,67,,,electric,,3796,100000000000000000000098,47498238489494848
531,1,0xF2A60,74,,,electric,,1342,100000000000000000000073,47498238489494848
532,1,0xF2A60,79,,,electric,,2289,100000000000000000000024,47498238489494848
533,1,0xF2A60,89,,,electric,,1714,100000000000000000000037,47498238489494848
534,1,0xF2A60,34,,,electric,,1047,100000000000000000000024,47498238489494848
535,1,0xF2A60,33,,,electric,,3534,100000000000000000000029,47498238489494848
536,1,0xF2A60,63,,,electric,,893,100000000000000000000067,47498238489494848
537,1,0xF2A60,37,,,electric,,3674,100000000000000000000077,47498238489494848
538,1,0xF2A60,100,,,electric,,2822,100000000000000000000002,47498238489494848
539,1,0xF2A60,12,,,electric,,855,100000000000000000000066,47498238489494848
540,1,0xF2A60,20,,,electric,,2776,100000000000000000000002,47498238489494848
541,1,0xF2A60,77,,,electric,,650,100000000000000000000045,47498238489494848
542,1,0xF2A60,27,,,electric,,924,100000000000000000000092,47498238489494848
543,1,0xF2A60,98,,,electric,,1770,100000000000000000000010,47498238489494848
544,1,0xF2A60,94,,,electric,,2452,100000000000000000000040,47498238489494848
545,1,0xF2A60,100,,,electric,,3944,100000000000000000000050,47498238489494848
546,1,0xF2A60,54,,,electric,,3369,100000000000000000000027,47498238489494848
547,1,0xF2A60,96,,,electric,,2406,100000000000000000000059,47498238489494848
548,1,0xF2A60,73,,,electric,,234,100000000000000000000065,47498238489494848
549,1,0xF2A60,55,,,electric,,1360,100000000000000000000094,47498238489494848
550,1,0xF2A60,26,,,electric,,2313,100000000000000000000055,47498238489494848
551,1,0xF2A60,92,,,electric,,2236,100000000000000000000063,47498238489494848
552,1,0xF2A60,86,,,electric,,2209,100000000000000000000034,47498238489494848
553,1,0xF2A60,48,,,electric,,2494,100000000000000000000063,47498238489494848
554,1,0xF2A60,89,,,electric,,3100,100000000000000000000068,47498238489494848
555,1,0xF2A60,98,,,electric,,2450,100000000000000000000026,47498238489494848
556,1,0xF2A60,94,,,electric,,2240,100000000000000000000061,47498238489494848
557,1,0xF2A60,54,,,electric,,1244,100000000000000000000094,47498238489494848
558,1,0xF2A60,39,,,electric,,2129,100000000000000000000004,47498238489494848
559,1,0xF2A60,12,,,electric,,285,100000000000000000000087,47498238489494848
560,1,0xF2A60,15,,,electric,,2623,100000000000000000000057,47498238489494848
561,1,0xF2A60,13,,,electric,,2982,100000000000000000000048,47498238489494848
562,1,0xF2A60,35,,,electric,,1480,100000000000000000000100,47498238489494848
563,1,0xF2A60,55,,,electric,,657,100000000000000000000059,47498238489494848
564,1,0xF2A60,70,,,electric,,1839,100000000000000000000002,47498238489494848
565,1,0xF2A60,63,,,electric,,3922,100000000000000000000053,47498238489494848
566,1,0xF2A60,72,,,electric,,1353,100000000000000000000084,47498238489494848
567,1,0xF2A60,11,,,electric,,2309,100000000000000000000044,47498238489494848
568,1,0xF2A60,34,,,electric,,3374,100000000000000000000037,47498238489494848
569,1,0xF2A60,46,,,electric,,1159,100000000000000000000015,47498238489494848
570,1,0xF2A60,36,,,electric,,3928,100000000000000000000048,47498238489494848
571,1,0xF2A60,29,,,electric,,2668,100000000000000000000039,47498238489494848
572,1,0xF2A60,10,,,electric,,525,100000000000000000000062,47498238489494848
573,1,0xF2A60,26,,,electric,,1996,100000000000000000000009,47498238489494848
574,1,0xF2A60,13,,,electric,,3998,100000000000000000000061,47498238489494848
575,1,0xF2A60,97,,,electric,,3676,100000000000000000000050,47498238489494848
576,1,0xF2A60,74,,,electric,,3134,100000000000000000000013,47498238489494848
577,1,0xF2A60,84,,,electric,,3223,100000000000000000000082,47498238489494848
578,1,0xF2A60,53,,,electric,,1052,100000000000000000000068,47498238489494848
579,1,0xF2A60,27,,,electric,,3691,100000000000000000000065,47498238489494848
580,1,0xF2A60,48,,,electric,,2450,100000000000000000000008,47498238489494848
581,1,0xF2A60,58,,,electric,,358,100000000000000000000051,47498238489494848
582,1,0xF2A60,98,,,electric,,1634,100000000000000000000085,47498238489494848
583,1,0xF2A60,50,,,electric,,3038,100000000000000000000004,47498238489494848
584,1,0xF2A60,79,,,electric,,2282,100000000000000000000080,47498238489494848
585,1,0xF2A60,19,,,electric,,3918,100000000000000000000097,47498238489494848
586,1,0xF2A60,44,,,electric,,553,100000000000000000000067,47498238489494848
587,1,0xF2A60,34,,,electric,,3347,100000000000000000000100,47498238489494848
588,1,0xF2A60,35,,,electric,,3627,100000000000000000000072,47498238489494848
589,1,0xF2A60,49,,,electric,,143,100000000000000000000082,47498238489494848
590,1,0xF2A60,41,,,electric,,1866,100000000000000000000000,47498238489494848
591,1,0xF2A60,26,,,electric,,1555,100000000000000000000025,47498238489494848
592,1,0xF2A60,73,,,electric,,3637,100000000000000000000045,47498238489494848
593,1,0xF2A60,36,,,electric,,2096,100000000000000000000038,47498238489494848
594,1,0xF2A60,73,,,electric,,762,100000000000000000000069,47498238489494848
595,1,0xF2A60,48,,,electric,,561,100000000000000000000063,47498238489494848
596,1,0xF2A60,36,,,electric,,2939,100000000000000000000080,47498238489494848
597,1,0xF2A60,19,,,electric,,3362,100000000000000000000049,47498238489494848
598,1,0xF2A60,49,,,electric,,3231,100000000000000000000011,47498238489494848
599,1,0xF2A60,96,,,electric,,1742,100000000000000000000077,47498238489494848
600,1,0xF2A60,86,,,electric,,2196,100000000000000000000063,47498238489494848
601,1,0xF2A60,46,,,electric,,2664,100000000000000000000018,47498238489494848
602,1,0xF2A60,94,,,electric,,2407,100000000000000000000023,47498238489494848
603,1,0xF2A60,10,,,electric,,574,100000000000000000000011,47498238489494848
604,1,0xF2A60,25,,,electric,,696,100000000000000000000043,47498238489494848
605,1,0xF2A60,94,,,electric,,2634,100000000000000000000091,47498238489494848
606,1,0xF2A60,19,,,electric,,3945,100000000000000000000035,47498238489494848
607,1,0xF2A60,17,,,electric,,2638,100000000000000000000083,47498238489494848
608,1,0xF2A60,21,,,electric,,1551,100000000000000000000066,47498238489494848
609,1,0xF2A60,83,,,electric,,2878,100000000000000000000020,47498238489494848
610,1,0xF2A60,29,,,electric,,2606,100000000000000000000093,47498238489494848
611,1,0xF2A60,12,,,electric,,1893,100000000000000000000013,47498238489494848
612,1,0xF2A60,11,,,electric,,3249,100000000000000000000012,47498238489494848
613,1,0xF2A60,59,,,electric,,942,100000000000000000000068,47498238489494848
614,1,0xF2A60,43,,,electric,,807,100000000000000000000045,47498238489494848
615,1,0xF2A60,25,,,electric,,1184,100000000000000000000069,47498238489494848
616,1,0xF2A60,10,,,electric,,315,100000000000000000000023,47498238489494848
617,1,0xF2A60,83,,,electric,,3007,100000000000000000000060,47498238489494848
618,1,0xF2A60,85,,,electric,,3991,100000000000000000000090,47498238489494848
619,1,0xF2A60,32,,,electric,,1987,100000000000000000000015,47498238489494848
620,1,0xF2A60,65,,,electric,,1363,100000000000000000000081,47498238489494848
621,1,0xF2A60,51,,,electric,,364,100000000000000000000005,47498238489494848
622,1,0xF2A60,13,,,electric,,1319,100000000000000000000067,47498238489494848
623,1,0xF2A60,68,,,electric,,1644,100000000000000000000080,47498238489494848
624,1,0xF2A60,46,,,electric,,1222,100000000000000000000049,47498238489494848
625,1,0xF2A60,18,,,electric,,3953,100000000000000000000085,47498238489494848
626,1,0xF2A60,48,,,electric,,2535,100000000000000000000094,47498238489494848
627,1,0xF2A60,10,,,electric,,2688,100000000000000000000074,47498238489494848
628,1,0xF2A60,81,,,electric,,2165,100000000000000000000006,47498238489494848
629,1,0xF2A60,59,,,electric,,3486,100000000000000000000027,47498238489494848
630,1,0xF2A60,88,,,electric,,2300,100000000000000000000091,47498238489494848
631,1,0xF2A60,55,,,electric,,3007,100000000000000000000058,47498238489494848
632,1,0xF2A60,46,,,electric,,2683,100000000000000000000059,47498238489494848
633,1,0xF2A60,22,,,electric,,855,100000000000000000000038,47498238489494848
634,1,0xF2A60,11,,,electric,,1776,100000000000000000000062,47498238489494848
635,1,0xF2A60,46,,,electric,,3647,100000000000000000000008,47498238489494848
636,1,0xF2A60,95,,,electric,,3204,100000000000000000000015,47498238489494848
637,1,0xF2A60,55,,,electric,,2608,100000000000000000000062,47498238489494848
638,1,0xF2A60,42,,,electric,,1412,100000000000000000000077,47498238489494848
639,1,0xF2A60,58,,,electric,,3047,100000000000000000000035,47498238489494848
640,1,0xF2A60,46,,,electric,,1890,100000000000000000000035,47498238489494848
641,1,0xF2A60,69,,,electric,,1425,100000000000000000000009,47498238489494848
642,1,0xF2A60,20,,,electric,,1190,100000000000000000000068,47498238489494848
643,1,0xF2A60,70,,,electric,,924,100000000000000000000096,47498238489494848
644,1,0xF2A60,56,,,electric,,2369,100000000000000000000099,47498238489494848
645,1,0xF2A60,48,,,electric,,1547,100000000000000000000017,47498238489494848
646,1,0xF2A60,88,,,electric,,2566,100000000000000000000045,47498238489494848
647,1,0xF2A60,16,,,electric,,3048,100000000000000000000020,47498238489494848
648,1,0xF2A60,27,,,electric,,1347,100000000000000000000028,47498238489494848
649,1,0xF2A60,17,,,electric,,3504,100000000000000000000023,47498238489494848
650,1,0xF2A60,55,,,electric,,548,100000000000000000000054,47498238489494848
651,1,0xF2A60,65,,,electric,,1093,100000000000000000000064,47498238489494848
652,1,0xF2A60,85,,,electric,,1178,100000000000000000000012,47498238489494848
653,1,0xF2A60,78,,,electric,,2624,100000000000000000000036,47498238489494848
654,1,0xF2A60,87,,,electric,,75,100000000000000000000027,47498238489494848
655,1,0xF2A60,34,,,electric,,391,100000000000000000000018,47498238489494848
656,1,0xF2A60,44,,,electric,,3089,100000000000000000000084,47498238489494848
657,1,0xF2A60,34,,,electric,,2685,100000000000000000000037,47498238489494848
658,1,0xF2A60,50,,,electric,,2987,100000000000000000000064,47498238489494848
659,1,0xF2A60,28,,,electric,,2769,100000000000000000000096,47498238489494848
660,1,0xF2A60,22,,,electric,,3299,100000000000000000000026,47498238489494848
661,1,0xF2A60,17,,,electric,,1197,100000000000000000000008,47498238489494848
662,1,0xF2A60,91,,,electric,,2245,100000000000000000000046,47498238489494848
663,1,0xF2A60,60,,,electric,,3499,100000000000000000000098,47498238489494848
664,1,0xF2A60,21,,,electric,,3096,100000000000000000000089,47498238489494848
665,1,0xF2A60,63,,,electric,,2925,100000000000000000000040,47498238489494848
666,1,0xF2A60,30,,,electric,,734,100000000000000000000015,47498238489494848
667,1,0xF2A60,66,,,electric,,2999,100000000000000000000016,47498238489494848
668,1,0xF2A60,23,,,electric,,729,100000000000000000000005,47498238489494848
669,1,0xF2A60,77,,,electric,,3606,100000000000000000000069,47498238489494848
670,1,0xF2A60,91,,,electric,,733,100000000000000000000078,47498238489494848
671,1,0xF2A60,73,,,electric,,3777,100000000000000000000040,47498238489494848
672,1,0xF2A60,35,,,electric,,3859,100000000000000000000093,47498238489494848
673,1,0xF2A60,61,,,electric,,899,100000000000000000000001,47498238489494848
674,1,0xF2A60,27,,,electric,,2619,100000000000000000000046,47498238489494848
675,1,0xF2A60,83,,,electric,,3883,100000000000000000000073,47498238489494848
676,1,0xF2A60,44,,,electric,,1423,100000000000000000000088,47498238489494848
677,1,0xF2A60,38,,,electric,,1352,100000000000000000000015,47498238489494848
678,1,0xF2A60,66,,,electric,,1497,100000000000000000000035,47498238489494848
679,1,0xF2A60,82,,,electric,,140,100000000000000000000047,47498238489494848
680,1,0xF2A60,21,,,electric,,117,100000000000000000000065,47498238489494848
681,1,0xF2A60,19,,,electric,,381,100000000000000000000084,47498238489494848
682,1,0xF2A60,37,,,electric,,3215,100000000000000000000066,47498238489494848
683,1,0xF2A60,18,,,electric,,757,100000000000000000000053,47498238489494848
684,1,0xF2A60,15,,,electric,,574,100000000000000000000016,47498238489494848
685,1,0xF2A60,84,,,electric,,956,100000000000000000000099,47498238489494848
686,1,0xF2A60,87,,,electric,,484,100000000000000000000059,47498238489494848
687,1,0xF2A60,98,,,electric,,1553,100000000000000000000090,47498238489494848
688,1,0xF2A60,94,,,electric,,678,100000000000000000000021,47498238489494848
689,1,0xF2A60,52,,,electric,,225,100000000000000000000067,47498238489494848
690,1,0xF2A60,44,,,electric,,2294,100000000000000000000052,47498238489494848
691,1,0xF2A60,80,,,electric,,933,100000000000000000000039,47498238489494848
692,1,0xF2A60,89,,,electric,,163,100000000000000000000088,47498238489494848
693,1,0xF2A60,90,,,electric,,3518,100000000000000000000058,47498238489494848
694,1,0xF2A60,89,,,electric,,2576,100000000000000000000041,47498238489494848
695,1,0xF2A60,47,,,electric,,141,100000000000000000000060,47498238489494848
696,1,0xF2A60,58,,,electric,,1622,100000000000000000000015,47498238489494848
697,1,0xF2A60,37,,,electric,,2799,100000000000000000000089,47498238489494848
698,1,0xF2A60,43,,,electric,,2320,100000000000000000000075,47498238489494848
699,1,0xF2A60,79,,,electric,,409,100000000000000000000003,47498238489494848
700,1,0xF2A60,54,,,electric,,3891,100000000000000000000057,47498238489494848
701,1,0xF2A60,60,,,electric,,563,100000000000000000000027,47498238489494848
702,1,0xF2A60,61,,,electric,,1387,100000000000000000000062,47498238489494848
703,1,0xF2A60,90,,,electric,,3202,100000000000000000000021,47498238489494848
704,1,0xF2A60,78,,,electric,,1420,100000000000000000000071,47498238489494848
705,1,0xF2A60,24,,,electric,,951,100000000000000000000083,47498238489494848
706,1,0xF2A60,26,,,electric,,3008,100000000000000000000067,47498238489494848
707,1,0xF2A60,92,,,electric,,2842,100000000000000000000061,47498238489494848
708,1,0xF2A60,15,,,electric,,3313,100000000000000000000023,47498238489494848
709,1,0xF2A60,24,,,electric,,3578,100000000000000000000037,47498238489494848
710,1,0xF2A60,42,,,electric,,1496,100000000000000000000062,47498238489494848
711,1,0xF2A60,33,,,electric,,3195,100000000000000000000037,47498238489494848
712,1,0xF2A60,34,,,electric,,3114,100000000000000000000039,47498238489494848
713,1,0xF2A60,78,,,electric,,1165,100000000000000000000053,47498238489494848
714,1,0xF2A60,69,,,electric,,3536,100000000000000000000020,47498238489494848
715,1,0xF2A60,70,,,electric,,1627,100000000000000000000008,47498238489494848
716,1,0xF2A60,21,,,electric,,2188,100000000000000000000020,47498238489494848
717,1,0xF2A60,70,,,electric,,543,100000000000000000000069,47498238489494848
718,1,0xF2A60,41,,,electric,,3188,100000000000000000000014,47498238489494848
719,1,0xF2A60,68,,,electric,,3735,100000000000000000000082,47498238489494848
720,1,0xF2A60,60,,,electric,,1928,100000000000000000000013,47498238489494848
721,1,0xF2A60,58,,,electric,,1587,100000000000000000000007,47498238489494848
722,1,0xF2A60,10,,,electric,,950,100000000000000000000034,47498238489494848
723,1,0xF2A60,99,,,electric,,2873,100000000000000000000026,47498238489494848
724,1,0xF2A60,81,,,electric,,722,100000000000000000000088,47498238489494848
725,1,0xF2A60,63,,,electric,,2847,100000000000000000000077,47498238489494848
726,1,0xF2A60,65,,,electric,,2663,100000000000000000000092,47498238489494848
727,1,0xF2A60,37,,,electric,,1240,100000000000000000000012,47498238489494848
728,1,0xF2A60,94,,,electric,,200,100000000000000000000008,47498238489494848
729,1,0xF2A60,40,,,electric,,1620,100000000000000000000064,47498238489494848
730,1,0xF2A60,17,,,electric,,1448,100000000000000000000036,47498238489494848
731,1,0xF2A60,66,,,electric,,117,100000000000000000000089,47498238489494848
732,1,0xF2A60,59,,,electric,,784,100000000000000000000050,47498238489494848
733,1,0xF2A60,44,,,electric,,618,100000000000000000000066,47498238489494848
734,1,0xF2A60,56,,,electric,,682,100000000000000000000028,47498238489494848
735,1,0xF2A60,80,,,electric,,1826,100000000000000000000084,47498238489494848
736,1,0xF2A60,90,,,electric,,1868,100000000000000000000086,47498238489494848
737,1,0xF2A60,33,,,electric,,3795,100000000000000000000092,47498238489494848
738,1,0xF2A60,10,,,electric,,3138,100000000000000000000050,47498238489494848
739,1,0xF2A60,59,,,electric,,1679,100000000000000000000066,47498238489494848
740,1,0xF2A60,29,,,electric,,1832,100000000000000000000018,47498238489494848
741,1,0xF2A60,12,,,electric,,1066,100000000000000000000080,47498238489494848
742,1,0xF2A60,56,,,electric,,2984,100000000000000000000006,47498238489494848
743,1,0xF2A60,96,,,electric,,2842,100000000000000000000080,47498238489494848
744,1,0xF2A60,74,,,electric,,803,100000000000000000000081,47498238489494848
745,1,0xF2A60,68,,,electric,,345,100000000000000000000048,47498238489494848
746,1,0xF2A60,64,,,electric,,1255,100000000000000000000005,47498238489494848
747,1,0xF2A60,23,,,electric,,2676,100000000000000000000080,47498238489494848
748,1,0xF2A60,93,,,electric,,1004,100000000000000000000013,47498238489494848
749,1,0xF2A60,20,,,electric,,3252,100000000000000000000040,47498238489494848
750,1,0xF2A60,34,,,electric,,202,100000000000000000000079,47498238489494848
751,1,0xF2A60,72,,,electric,,832,100000000000000000000039,47498238489494848
752,1,0xF2A60,82,,,electric,,1317,100000000000000000000026,47498238489494848
753,1,0xF2A60,98,,,electric,,2616,100000000000000000000046,47498238489494848
754,1,0xF2A60,99,,,electric,,3513,100000000000000000000092,47498238489494848
755,1,0xF2A60,13,,,electric,,2645,100000000000000000000023,47498238489494848
756,1,0xF2A60,82,,,electric,,3648,100000000000000000000081,47498238489494848
757,1,0xF2A60,65,,,electric,,1073,100000000000000000000008,47498238489494848
758,1,0xF2A60,92,,,electric,,1164,100000000000000000000088,47498238489494848
759,1,0xF2A60,62,,,electric,,2095,100000000000000000000066,47498238489494848
760,1,0xF2A60,44,,,electric,,476,100000000000000000000028,47498238489494848
761,1,0xF2A60,14,,,electric,,2997,100000000000000000000027,47498238489494848
762,1,0xF2A60,45,,,electric,,2288,100000000000000000000096,47498238489494848
763,1,0xF2A60,60,,,electric,,2571,100000000000000000000014,47498238489494848
764,1,0xF2A60,12,,,electric,,1070,100000000000000000000013,47498238489494848
765,1,0xF2A60,19,,,electric,,2319,100000000000000000000065,47498238489494848
766,1,0xF2A60,21,,,electric,,1892,100000000000000000000087,47498238489494848
767,1,0xF2A60,36,,,electric,,2680,100000000000000000000059,47498238489494848
768,1,0xF2A60,80,,,electric,,3522,100000000000000000000039,47498238489494848
769,1,0xF2A60,24,,,electric,,965,100000000000000000000056,47498238489494848
770,1,0xF2A60,61,,,electric,,3723,100000000000000000000006,47498238489494848
771,1,0xF2A60,92,,,electric,,3350,100000000000000000000017,47498238489494848
772,1,0xF2A60,93,,,electric,,520,100000000000000000000080,47498238489494848
773,1,0xF2A60,14,,,electric,,155,100000000000000000000059,47498238489494848
774,1,0xF2A60,41,,,electric,,3814,100000000000000000000017,47498238489494848
775,1,0xF2A60,65,,,electric,,2249,100000000000000000000038,47498238489494848
776,1,0xF2A60,39,,,electric,,2223,100000000000000000000031,47498238489494848
777,1,0xF2A60,26,,,electric,,2551,100000000000000000000029,47498238489494848
778,1,0xF2A60,19,,,electric,,3402,100000000000000000000020,47498238489494848
779,1,0xF2A60,99,,,electric,,1790,100000000000000000000071,47498238489494848
780,1,0xF2A60,17,,,electric,,2661,100000000000000000000100,47498238489494848
781,1,0xF2A60,63,,,electric,,1667,100000000000000000000079,47498238489494848
782,1,0xF2A60,26,,,electric,,1400,100000000000000000000086,47498238489494848
783,1,0xF2A60,50,,,electric,,2101,100000000000000000000074,47498238489494848
784,1,0xF2A60,51,,,electric,,1569,100000000000000000000097,47498238489494848
785,1,0xF2A60,68,,,electric,,801,100000000000000000000078,47498238489494848
786,1,0xF2A60,59,,,electric,,1693,100000000000000000000047,47498238489494848
787,1,0xF2A60,86,,,electric,,825,100000000000000000000045,47498238489494848
788,1,0xF2A60,36,,,electric,,3085,100000000000000000000008,47498238489494848
789,1,0xF2A60,56,,,electric,,574,100000000000000000000021,47498238489494848
790,1,0xF2A60,68,,,electric,,370,100000000000000000000012,47498238489494848
791,1,0xF2A60,57,,,electric,,3787,100000000000000000000031,47498238489494848
792,1,0xF2A60,92,,,electric,,1475,100000000000000000000048,47498238489494848
793,1,0xF2A60,85,,,electric,,2576,100000000000000000000040,47498238489494848
794,1,0xF2A60,44,,,electric,,957,100000000000000000000090,47498238489494848
795,1,0xF2A60,98,,,electric,,1739,100000000000000000000098,47498238489494848
796,1,0xF2A60,40,,,electric,,871,100000000000000000000075,47498238489494848
797,1,0xF2A60,33,,,electric,,1506,100000000000000000000033,47498238489494848
798,1,0xF2A60,72,,,electric,,2281,100000000000000000000026,47498238489494848
799,1,0xF2A60,83,,,electric,,2808,100000000000000000000078,47498238489494848
800,1,0xF2A60,15,,,electric,,549,100000000000000000000074,47498238489494848
801,1,0xF2A60,67,,,electric,,3956,100000000000000000000081,47498238489494848
802,1,0xF2A60,79,,,electric,,723,100000000000000000000052,47498238489494848
803,1,0xF2A60,88,,,electric,,3371,100000000000000000000041,47498238489494848
804,1,0xF2A60,54,,,electric,,2446,100000000000000000000067,47498238489494848
805,1,0xF2A60,84,,,electric,,3873,100000000000000000000018,47498238489494848
806,1,0xF2A60,69,,,electric,,3032,100000000000000000000050,47498238489494848
807,1,0xF2A60,51,,,electric,,743,100000000000000000000012,47498238489494848
808,1,0xF2A60,57,,,electric,,796,100000000000000000000023,47498238489494848
809,1,0xF2A60,63,,,electric,,1136,100000000000000000000058,47498238489494848
810,1,0xF2A60,41,,,electric,,440,100000000000000000000070,47498238489494848
811,1,0xF2A60,13,,,electric,,1869,100000000000000000000076,47498238489494848
812,1,0xF2A60,70,,,electric,,988,100000000000000000000056,47498238489494848
813,1,0xF2A60,60,,,electric,,2139,100000000000000000000076,47498238489494848
814,1,0xF2A60,41,,,electric,,3810,100000000000000000000076,47498238489494848
815,1,0xF2A60,71,,,electric,,193,100000000000000000000016,47498238489494848
816,1,0xF2A60,60,,,electric,,2771,100000000000000000000022,47498238489494848
817,1,0xF2A60,14,,,electric,,3735,100000000000000000000002,47498238489494848
818,1,0xF2A60,39,,,electric,,2981,100000000000000000000012,47498238489494848
819,1,0xF2A60,85,,,electric,,3866,100000000000000000000086,47498238489494848
820,1,0xF2A60,61,,,electric,,1654,100000000000000000000096,47498238489494848
821,1,0xF2A60,63,,,electric,,3119,100000000000000000000029,47498238489494848
822,1,0xF2A60,83,,,electric,,3826,100000000000000000000030,47498238489494848
823,1,0xF2A60,46,,,electric,,724,100000000000000000000067,47498238489494848
824,1,0xF2A60,61,,,electric,,2260,100000000000000000000029,47498238489494848
825,1,0xF2A60,65,,,electric,,2702,100000000000000000000100,47498238489494848
826,1,0xF2A60,25,,,electric,,2469,100000000000000000000061,47498238489494848
827,1,0xF2A60,67,,,electric,,95,100000000000000000000051,47498238489494848
828,1,0xF2A60,70,,,electric,,731,100000000000000000000095,47498238489494848
829,1,0xF2A60,91,,,electric,,3796,100000000000000000000050,47498238489494848
830,1,0xF2A60,39,,,electric,,2691,100000000000000000000008,47498238489494848
831,1,0xF2A60,30,,,electric,,349,100000000000000000000073,47498238489494848
832,1,0xF2A60,59,,,electric,,1026,100000000000000000000082,47498238489494848
833,1,0xF2A60,88,,,electric,,1671,100000000000000000000095,47498238489494848
834,1,0xF2A60,52,,,electric,,2869,100000000000000000000011,47498238489494848
835,1,0xF2A60,10,,,electric,,212,100000000000000000000026,47498238489494848
836,1,0xF2A60,45,,,electric,,3408,100000000000000000000076,47498238489494848
837,1,0xF2A60,69,,,electric,,3206,100000000000000000000087,47498238489494848
838,1,0xF2A60,37,,,electric,,889,100000000000000000000003,47498238489494848
839,1,0xF2A60,57,,,electric,,3035,100000000000000000000088,47498238489494848
840,1,0xF2A60,59,,,electric,,1774,100000000000000000000054,47498238489494848
841,1,0xF2A60,97,,,electric,,480,100000000000000000000053,47498238489494848
842,1,0xF2A60,45,,,electric,,414,100000000000000000000086,47498238489494848
843,1,0xF2A60,91,,,electric,,3408,100000000000000000000058,47498238489494848
844,1,0xF2A60,78,,,electric,,2453,100000000000000000000087,47498238489494848
845,1,0xF2A60,89,,,electric,,1080,100000000000000000000068,47498238489494848
846,1,0xF2A60,94,,,electric,,1270,100000000000000000000096,47498238489494848
847,1,0xF2A60,66,,,electric,,876,100000000000000000000019,47498238489494848
848,1,0xF2A60,70,,,electric,,2746,100000000000000000000068,47498238489494848
849,1,0xF2A60,44,,,electric,,3232,100000000000000000000020,47498238489494848
850,1,0xF2A60,69,,,electric,,1031,100000000000000000000017,47498238489494848
851,1,0xF2A60,50,,,electric,,3386,100000000000000000000089,47498238489494848
852,1,0xF2A60,13,,,electric,,1488,100000000000000000000002,47498238489494848
853,1,0xF2A60,35,,,electric,,3854,100000000000000000000053,47498238489494848
854,1,0xF2A60,26,,,electric,,3599,100000000000000000000011,47498238489494848
855,1,0xF2A60,10,,,electric,,2801,100000000000000000000082,47498238489494848
856,1,0xF2A60,70,,,electric,,3062,100000000000000000000062,47498238489494848
857,1,0xF2A60,88,,,electric,,3738,100000000000000000000055,47498238489494848
858,1,0xF2A60,28,,,electric,,729,100000000000000000000055,47498238489494848
859,1,0xF2A60,28,,,electric,,3176,100000000000000000000093,47498238489494848
860,1,0xF2A60,58,,,electric,,795,100000000000000000000073,47498238489494848
861,1,0xF2A60,60,,,electric,,3782,100000000000000000000019,47498238489494848
862,1,0xF2A60,70,,,electric,,1790,100000000000000000000057,47498238489494848
863,1,0xF2A60,26,,,electric,,1643,100000000000000000000098,47498238489494848
864,1,0xF2A60,17,,,electric,,2915,100000000000000000000005,47498238489494848
865,1,0xF2A60,45,,,electric,,3990,100000000000000000000032,47498238489494848
866,1,0xF2A60,35,,,electric,,1124,100000000000000000000079,47498238489494848
867,1,0xF2A60,64,,,electric,,898,100000000000000000000055,47498238489494848
868,1,0xF2A60,31,,,electric,,537,100000000000000000000018,47498238489494848
869,1,0xF2A60,54,,,electric,,2546,100000000000000000000048,47498238489494848
870,1,0xF2A60,89,,,electric,,3581,100000000000000000000086,47498238489494848
871,1,0xF2A60,39,,,electric,,262,100000000000000000000097,47498238489494848
872,1,0xF2A60,10,,,electric,,3904,100000000000000000000076,47498238489494848
873,1,0xF2A60,36,,,electric,,3262,100000000000000000000077,47498238489494848
874,1,0xF2A60,73,,,electric,,2919,100000000000000000000087,47498238489494848
875,1,0xF2A60,44,,,electric,,3913,100000000000000000000076,47498238489494848
876,1,0xF2A60,78,,,electric,,3008,100000000000000000000042,47498238489494848
877,1,0xF2A60,48,,,electric,,3796,100000000000000000000078,47498238489494848
878,1,0xF2A60,77,,,electric,,3696,100000000000000000000082,47498238489494848
879,1,0xF2A60,89,,,electric,,1818,100000000000000000000033,47498238489494848
880,1,0xF2A60,84,,,electric,,395,100000000000000000000019,47498238489494848
881,1,0xF2A60,38,,,electric,,2821,100000000000000000000066,47498238489494848
882,1,0xF2A60,63,,,electric,,1931,100000000000000000000018,47498238489494848
883,1,0xF2A60,88,,,electric,,2516,100000000000000000000019,47498238489494848
884,1,0xF2A60,79,,,electric,,2303,100000000000000000000085,47498238489494848
885,1,0xF2A60,77,,,electric,,3687,100000000000000000000084,47498238489494848
886,1,0xF2A60,55,,,electric,,3285,100000000000000000000010,47498238489494848
887,1,0xF2A60,19,,,electric,,3432,100000000000000000000022,47498238489494848
888,1,0xF2A60,17,,,electric,,2838,100000000000000000000032,47498238489494848
889,1,0xF2A60,16,,,electric,,1483,100000000000000000000046,47498238489494848
890,1,0xF2A60,73,,,electric,,658,100000000000000000000015,47498238489494848
891,1,0xF2A60,93,,,electric,,2668,100000000000000000000100,47498238489494848
892,1,0xF2A60,10,,,electric,,1225,100000000000000000000043,47498238489494848
893,1,0xF2A60,11,,,electric,,3788,100000000000000000000052,47498238489494848
894,1,0xF2A60,80,,,electric,,1375,100000000000000000000047,47498238489494848
895,1,0xF2A60,52,,,electric,,174,100000000000000000000069,47498238489494848
896,1,0xF2A60,26,,,electric,,2187,100000000000000000000070,47498238489494848
897,1,0xF2A60,35,,,electric,,620,100000000000000000000071,47498238489494848
898,1,0xF2A60,70,,,electric,,78,100000000000000000000001,47498238489494848
899,1,0xF2A60,85,,,electric,,3090,100000000000000000000059,47498238489494848
900,1,0xF2A60,73,,,electric,,3985,100000000000000000000090,47498238489494848
901,1,0xF2A60,27,,,electric,,1456,100000000000000000000047,47498238489494848
902,1,0xF2A60,97,,,electric,,997,100000000000000000000067,47498238489494848
903,1,0xF2A60,66,,,electric,,1024,100000000000000000000076,47498238489494848
904,1,0xF2A60,92,,,electric,,1144,100000000000000000000078,47498238489494848
905,1,0xF2A60,38,,,electric,,1915,100000000000000000000077,47498238489494848
906,1,0xF2A60,74,,,electric,,1530,100000000000000000000026,47498238489494848
907,1,0xF2A60,21,,,electric,,1590,100000000000000000000029,47498238489494848
908,1,0xF2A60,42,,,electric,,768,100000000000000000000084,47498238489494848
909,1,0xF2A60,40,,,electric,,2238,100000000000000000000011,47498238489494848
910,1,0xF2A60,83,,,electric,,1656,100000000000000000000035,47498238489494848
911,1,0xF2A60,62,,,electric,,3526,100000000000000000000035,47498238489494848
912,1,0xF2A60,67,,,electric,,2778,100000000000000000000017,47498238489494848
913,1,0xF2A60,49,,,electric,,1824,100000000000000000000035,47498238489494848
914,1,0xF2A60,68,,,electric,,1890,100000000000000000000049,47498238489494848
915,1,0xF2A60,86,,,electric,,440,100000000000000000000021,47498238489494848
916,1,0xF2A60,47,,,electric,,1710,100000000000000000000056,47498238489494848
917,1,0xF2A60,77,,,electric,,3384,100000000000000000000077,47498238489494848
918,1,0xF2A60,82,,,electric,,2096,100000000000000000000099,47498238489494848
919,1,0xF2A60,84,,,electric,,3417,100000000000000000000072,47498238489494848
920,1,0xF2A60,56,,,electric,,1527,100000000000000000000031,47498238489494848
921,1,0xF2A60,49,,,electric,,3496,100000000000000000000004,47498238489494848
922,1,0xF2A60,22,,,electric,,2437,100000000000000000000043,47498238489494848
923,1,0xF2A60,51,,,electric,,3890,100000000000000000000034,47498238489494848
924,1,0xF2A60,63,,,electric,,3907,100000000000000000000057,47498238489494848
925,1,0xF2A60,62,,,electric,,2095,100000000000000000000031,47498238489494848
926,1,0xF2A60,44,,,electric,,1136,100000000000000000000066,47498238489494848
927,1,0xF2A60,23,,,electric,,1696,100000000000000000000011,47498238489494848
928,1,0xF2A60,90,,,electric,,3641,100000000000000000000004,47498238489494848
929,1,0xF2A60,99,,,electric,,3925,100000000000000000000060,47498238489494848
930,1,0xF2A60,78,,,electric,,213,100000000000000000000041,47498238489494848
931,1,0xF2A60,96,,,electric,,1588,100000000000000000000006,47498238489494848
932,1,0xF2A60,47,,,electric,,2220,100000000000000000000037,47498238489494848
933,1,0xF2A60,25,,,electric,,3482,100000000000000000000010,47498238489494848
934,1,0xF2A60,36,,,electric,,864,100000000000000000000081,47498238489494848
935,1,0xF2A60,43,,,electric,,829,100000000000000000000082,47498238489494848
936,1,0xF2A60,39,,,electric,,3387,100000000000000000000001,47498238489494848
937,1,0xF2A60,49,,,electric,,1828,100000000000000000000057,47498238489494848
938,1,0xF2A60,24,,,electric,,2501,100000000000000000000021,47498238489494848
939,1,0xF2A60,61,,,electric,,225,100000000000000000000091,47498238489494848
940,1,0xF2A60,75,,,electric,,182,100000000000000000000040,47498238489494848
941,1,0xF2A60,81,,,electric,,608,100000000000000000000089,47498238489494848
942,1,0xF2A60,10,,,electric,,948,100000000000000000000084,47498238489494848
943,1,0xF2A60,44,,,electric,,2476,100000000000000000000056,47498238489494848
944,1,0xF2A60,11,,,electric,,3267,100000000000000000000007,47498238489494848
945,1,0xF2A60,34,,,electric,,3466,100000000000000000000092,47498238489494848
946,1,0xF2A60,99,,,electric,,3688,100000000000000000000030,47498238489494848
947,1,0xF2A60,99,,,electric,,121,100000000000000000000066,47498238489494848
948,1,0xF2A60,24,,,electric,,2170,100000000000000000000065,47498238489494848
949,1,0xF2A60,43,,,electric,,3621,100000000000000000000087,47498238489494848
950,1,0xF2A60,16,,,electric,,212,100000000000000000000019,47498238489494848
951,1,0xF2A60,68,,,electric,,3429,100000000000000000000093,47498238489494848
952,1,0xF2A60,81,,,electric,,3397,100000000000000000000032,47498238489494848
953,1,0xF2A60,29,,,electric,,3317,100000000000000000000007,47498238489494848
954,1,0xF2A60,100,,,electric,,2153,100000000000000000000045,47498238489494848
955,1,0xF2A60,96,,,electric,,1157,100000000000000000000046,47498238489494848
956,1,0xF2A60,26,,,electric,,2989,100000000000000000000014,47498238489494848
957,1,0xF2A60,84,,,electric,,2244,100000000000000000000078,47498238489494848
958,1,0xF2A60,82,,,electric,,1402,100000000000000000000091,47498238489494848
959,1,0xF2A60,14,,,electric,,3492,100000000000000000000044,47498238489494848
960,1,0xF2A60,90,,,electric,,3518,100000000000000000000035,47498238489494848
961,1,0xF2A60,58,,,electric,,440,100000000000000000000060,47498238489494848
962,1,0xF2A60,85,,,electric,,2862,100000000000000000000063,47498238489494848
963,1,0xF2A60,83,,,electric,,2875,100000000000000000000080,47498238489494848
964,1,0xF2A60,20,,,electric,,2025,100000000000000000000046,47498238489494848
965,1,0xF2A60,46,,,electric,,1464,100000000000000000000020,47498238489494848
966,1,0xF2A60,39,,,electric,,978,100000000000000000000044,47498238489494848
967,1,0xF2A60,80,,,electric,,343,100000000000000000000042,47498238489494848
968,1,0xF2A60,78,,,electric,,1337,100000000000000000000092,47498238489494848
969,1,0xF2A60,24,,,electric,,690,100000000000000000000027,47498238489494848
970,1,0xF2A60,49,,,electric,,2757,100000000000000000000012,47498238489494848
971,1,0xF2A60,42,,,electric,,1225,100000000000000000000009,47498238489494848
972,1,0xF2A60,92,,,electric,,931,100000000000000000000052,47498238489494848
973,1,0xF2A60,85,,,electric,,1600,100000000000000000000030,47498238489494848
974,1,0xF2A60,34,,,electric,,3537,100000000000000000000097,47498238489494848
975,1,0xF2A60,27,,,electric,,2078,100000000000000000000035,47498238489494848
976,1,0xF2A60,95,,,electric,,997,100000000000000000000064,47498238489494848
977,1,0xF2A60,79,,,electric,,443,100000000000000000000031,47498238489494848
978,1,0xF2A60,88,,,electric,,1060,100000000000000000000083,47498238489494848
979,1,0xF2A60,21,,,electric,,1108,100000000000000000000071,47498238489494848
980,1,0xF2A60,23,,,electric,,1108,100000000000000000000082,47498238489494848
981,1,0xF2A60,89,,,electric,,3450,100000000000000000000032,47498238489494848
982,1,0xF2A60,49,,,electric,,1205,100000000000000000000033,47498238489494848
983,1,0xF2A60,70,,,electric,,1481,100000000000000000000001,47498238489494848
984,1,0xF2A60,88,,,electric,,1793,100000000000000000000037,47498238489494848
985,1,0xF2A60,25,,,electric,,2271,100000000000000000000034,47498238489494848
986,1,0xF2A60,91,,,electric,,621,100000000000000000000017,47498238489494848
987,1,0xF2A60,70,,,electric,,817,100000000000000000000038,47498238489494848
988,1,0xF2A60,16,,,electric,,3959,100000000000000000000028,47498238489494848
989,1,0xF2A60,27,,,electric,,800,100000000000000000000070,47498238489494848
990,1,0xF2A60,63,,,electric,,2525,100000000000000000000052,47498238489494848
991,1,0xF2A60,54,,,electric,,2808,100000000000000000000057,47498238489494848
992,1,0xF2A60,10,,,electric,,3983,100000000000000000000040,47498238489494848
993,1,0xF2A60,26,,,electric,,3750,100000000000000000000058,47498238489494848
994,1,0xF2A60,45,,,electric,,2059,100000000000000000000015,47498238489494848
995,1,0xF2A60,70,,,electric,,2732,100000000000000000000010,47498238489494848
996,1,0xF2A60,95,,,electric,,1278,100000000000000000000034,47498238489494848
997,1,0xF2A60,17,,,electric,,1058,100000000000000000000026,47498238489494848
998,1,0xF2A60,28,,,electric,,3849,100000000000000000000021,47498238489494848
999,1,0xF2A60,36,,,electric,,1955,100000000000000000000001,47498238489494848
1000,1,0xF2A60,13,,,electric,,2691,100000000000000000000020,47498238489494848
